1;48454.32195288345;116,10,56,96,3,99,22,134,103,119,104,4,131,29,61,9,108,37,110,148,72,135,93,146,43,44,5,55,101,121,124,38,45,92,8,21,16,12,74,141,42,54,65,84,132,126,142,100,28,50,47,128,67,106,129,35,120,33,64,133,81,6,144,127,83,13,32,14,53,147,94,149,48,57,51,117,19,62,98,102,52,60,25,24,49,150,76,89,85,107,17,136,26,30,71,143,114,2,140,18,73,34,87,1,88,112,122,68,23,46,63,95,75,118,139,15,86,137,113,79,111,97,77,138,66,36,20,31,70,59,40,109,7,41,115,78,91,145,105,90,11,27,123,39,82,80,69,130,58,125
11;41967.98130692656;56,3,104,15,45,149,16,119,115,38,17,130,127,53,85,13,14,46,144,84,44,7,143,23,108,36,61,148,41,11,68,18,63,147,128,50,62,76,19,124,93,71,94,30,125,20,43,35,83,5,96,131,42,40,6,55,8,88,22,72,39,33,137,73,113,48,95,87,78,123,59,9,91,107,79,133,105,74,136,117,100,26,89,145,106,146,21,10,1,103,141,70,114,135,47,34,92,2,138,28,24,109,129,150,112,142,82,80,134,51,32,121,111,132,25,122,67,139,98,140,110,64,57,69,66,102,101,60,27,31,49,97,58,52,75,4,126,77,118,54,86,37,12,120,29,99,65,90,81,116
21;37215.92299326752;56,3,104,15,45,149,16,119,115,38,17,130,127,53,32,46,14,134,144,109,123,59,126,10,107,79,133,105,74,136,117,63,26,142,85,121,111,132,25,122,67,69,98,34,80,51,57,145,129,146,72,28,97,30,138,18,54,35,52,140,141,114,118,139,100,92,128,4,91,66,78,106,150,93,89,87,84,44,7,143,102,108,36,61,148,41,11,68,75,64,147,23,50,62,76,124,112,71,94,103,125,20,43,135,83,5,96,131,9,42,40,6,55,8,88,22,21,39,33,137,73,113,48,95,82,110,101,60,27,31,49,1,58,47,19,2,13,77,24,90,86,37,12,120,29,99,65,70,81,116
31;34806.09867745588;56,3,104,15,45,149,16,44,7,143,135,83,5,52,64,147,23,50,20,146,141,114,118,72,140,28,18,54,67,150,125,62,119,115,38,17,130,127,53,32,46,14,134,144,109,123,59,126,10,107,79,133,105,30,138,97,69,43,139,100,92,128,4,91,76,35,63,26,142,85,121,111,132,25,102,108,36,117,74,136,61,148,41,11,68,75,98,34,80,51,57,145,129,112,71,94,103,93,89,87,84,122,124,66,78,106,96,131,9,42,40,6,47,19,2,13,77,29,99,137,24,90,86,37,12,120,101,60,27,31,49,1,58,55,8,88,22,21,73,113,48,95,82,110,39,33,65,70,81,116
41;32660.26737259176;56,3,78,123,59,126,98,14,109,106,63,26,142,85,121,111,132,30,76,124,97,139,118,122,67,69,92,108,104,80,45,149,16,38,17,130,127,66,36,129,74,136,61,148,41,11,53,15,10,107,79,133,105,52,112,71,117,140,28,4,103,1,35,138,18,54,23,50,75,102,141,114,134,144,44,125,94,91,119,115,68,72,64,150,93,89,87,84,100,7,143,51,57,145,128,20,146,62,34,32,46,147,43,135,83,5,96,131,9,42,40,6,47,19,2,29,99,137,24,13,77,90,86,37,12,120,39,33,65,70,81,25,58,55,8,88,22,21,73,113,48,95,82,110,101,60,27,31,49,116
51;30782.47406589248;1,97,107,138,18,54,35,23,126,134,43,135,83,103,20,50,46,75,111,105,52,140,28,117,112,71,78,106,147,123,59,38,17,130,127,53,32,141,114,118,139,100,128,4,91,68,72,64,150,93,89,87,88,22,7,143,92,108,36,61,148,41,11,66,94,146,56,3,10,121,98,34,80,104,15,45,149,16,119,115,79,133,14,74,136,102,63,26,142,85,132,25,122,67,69,51,109,145,129,144,125,62,76,30,124,5,96,131,9,42,40,6,47,19,2,70,29,99,137,24,13,77,90,86,37,12,120,101,60,27,31,49,57,58,55,8,84,44,21,73,113,48,95,82,110,39,33,65,81,116
61;28690.525672139993;1,97,107,138,18,54,35,23,126,134,43,135,83,103,20,50,46,75,111,105,52,102,108,36,61,148,41,11,147,123,59,38,17,130,127,53,32,141,114,118,139,100,128,4,91,68,72,64,150,93,89,87,8,84,7,143,140,28,117,112,71,78,106,13,77,3,10,121,98,34,80,104,15,45,149,16,119,115,79,133,14,74,136,92,63,26,142,85,132,25,122,67,69,51,109,145,129,144,125,62,76,30,124,110,39,66,94,57,24,131,9,42,40,6,47,19,2,29,99,137,86,37,12,120,101,60,27,31,49,81,58,55,146,56,88,22,113,44,21,73,48,95,82,5,96,33,65,70,90,116
71;27587.44687927368;143,97,107,138,18,54,35,23,126,134,43,135,83,103,93,89,87,8,84,7,1,102,137,86,37,12,120,101,147,123,59,38,17,130,127,53,32,141,114,118,139,100,115,79,133,14,74,136,70,20,50,46,75,111,105,52,140,28,117,112,71,78,106,13,77,3,10,121,98,34,80,104,15,45,149,16,119,128,4,91,68,72,64,150,63,26,142,85,132,25,122,67,69,51,109,145,129,144,125,62,76,30,124,110,39,66,94,57,24,131,9,42,40,6,47,19,2,29,99,108,36,61,148,41,11,60,27,31,49,81,58,55,146,56,88,22,44,21,73,113,48,95,82,5,96,33,65,90,92,116
81;26417.53592741117;143,97,107,138,18,54,35,23,126,134,43,135,83,103,93,89,87,8,84,7,1,102,137,86,37,12,120,101,147,123,59,38,17,130,127,53,140,28,117,112,71,78,115,79,133,14,74,136,90,20,50,46,75,111,105,52,32,94,88,22,44,21,106,13,77,3,10,121,98,34,80,104,15,45,149,16,119,128,4,91,68,72,64,150,63,26,142,85,132,25,122,49,81,110,39,131,141,114,118,139,100,30,124,58,55,146,56,57,24,66,9,42,40,6,47,19,2,29,99,108,36,61,148,41,11,60,27,31,67,69,51,109,145,129,144,125,62,76,73,113,48,95,82,5,96,33,65,70,92,116
91;25100.61678236243;143,97,107,138,18,54,35,23,140,28,43,135,83,103,93,125,62,149,16,105,52,126,134,117,112,71,78,106,13,77,3,10,121,122,41,67,69,51,109,141,114,118,139,100,30,124,98,34,80,104,89,87,8,84,7,1,102,137,86,37,12,120,101,147,123,59,38,17,130,127,53,32,94,88,22,44,21,115,79,133,14,74,136,57,20,50,46,75,111,119,128,4,91,68,72,64,150,63,26,142,85,132,25,58,55,146,56,90,92,131,9,42,40,6,47,19,2,29,99,108,36,61,148,11,60,27,31,49,81,110,39,66,145,129,144,15,45,76,73,113,48,95,82,5,96,33,65,70,24,116
101;24060.00077614313;143,97,107,138,18,54,35,23,32,134,43,135,83,103,93,89,87,8,84,7,1,102,137,86,37,12,120,101,147,123,59,38,17,130,127,53,140,28,117,112,71,78,115,79,133,14,74,136,57,20,50,46,75,111,105,52,126,94,88,22,44,21,106,13,77,3,10,121,98,34,80,104,125,62,76,30,124,122,67,69,51,109,145,129,144,15,45,149,16,119,128,4,91,68,72,64,150,63,26,142,85,132,25,58,55,146,56,90,92,131,9,42,40,6,47,19,2,29,99,108,36,61,148,11,60,41,27,31,49,66,39,110,81,141,114,118,139,100,73,113,48,95,82,5,96,33,65,70,24,116
111;23129.672170117527;23,32,134,138,18,54,35,43,135,83,103,93,89,143,97,107,87,8,84,7,1,102,137,86,37,12,120,101,147,123,59,38,17,130,127,53,140,28,117,112,44,21,115,79,133,14,74,136,57,20,50,46,75,111,105,52,126,94,88,149,16,78,106,13,77,3,10,121,98,34,80,104,125,62,76,30,124,122,67,69,51,109,145,129,144,15,45,22,71,119,128,4,91,68,72,64,150,63,26,142,85,132,25,58,55,146,56,90,92,131,9,42,6,47,19,2,29,99,108,36,61,148,11,39,41,27,31,49,66,60,110,81,141,114,118,139,100,73,113,48,95,82,5,96,33,65,70,40,24,116
121;22206.027709698104;23,32,134,138,18,54,35,94,88,149,16,78,106,13,77,3,10,121,98,34,67,69,51,109,145,129,144,15,45,104,125,62,76,30,124,122,80,22,71,119,128,4,91,68,72,64,150,63,26,142,85,132,25,58,55,146,56,90,92,131,9,42,40,6,47,19,2,29,99,108,36,61,148,11,39,41,27,31,49,66,60,118,139,110,81,24,116,43,135,83,103,93,89,143,97,107,87,8,84,7,1,102,137,86,37,12,120,101,147,123,59,38,17,130,127,53,140,28,117,112,44,21,115,79,133,14,74,136,57,20,50,46,75,111,105,52,126,100,73,113,48,95,82,5,96,33,65,70,141,114
131;21714.21882399524;23,32,134,138,18,54,35,43,135,83,46,93,89,143,97,107,87,8,84,20,50,102,137,141,37,12,120,53,127,101,147,123,59,38,17,130,140,28,117,112,44,21,115,79,133,14,74,136,57,7,1,103,75,111,105,52,126,94,88,149,16,78,106,13,77,3,10,121,98,34,67,69,51,109,145,129,144,15,45,104,125,71,119,128,4,91,68,22,62,76,30,124,122,80,72,64,150,63,26,146,56,142,85,132,55,58,25,90,92,131,9,42,40,6,47,19,2,29,99,108,36,61,148,11,39,41,27,31,49,66,60,118,139,110,81,24,116,100,73,113,48,95,82,5,96,33,65,70,86,114
141;20506.155633517268;23,32,134,138,18,54,35,43,135,83,46,93,89,96,97,107,87,8,57,20,50,102,137,141,37,12,120,53,127,101,147,15,59,38,17,130,140,28,117,112,44,21,115,79,133,14,74,136,13,77,3,10,121,98,34,84,7,1,103,33,111,105,52,126,94,88,149,16,78,106,67,69,51,109,145,129,144,123,45,104,125,71,119,128,4,91,68,22,62,76,30,124,122,80,72,64,150,63,26,146,56,142,85,132,55,58,25,90,92,131,9,42,40,6,47,19,2,29,99,108,36,61,148,11,39,41,27,31,49,66,60,118,139,110,81,24,116,100,73,113,48,95,82,5,143,75,65,70,86,114
151;19358.783023246877;23,32,134,138,18,54,35,43,135,83,92,93,89,96,97,107,87,8,46,20,50,102,137,141,40,12,120,53,127,28,147,15,59,38,17,130,140,101,117,112,44,21,115,79,133,14,74,136,13,77,3,10,121,98,34,84,7,1,103,33,111,105,52,126,94,88,149,16,78,106,57,69,51,109,145,129,144,123,45,104,125,71,119,128,4,91,68,22,62,76,30,124,122,80,72,64,150,63,26,146,56,142,85,132,55,58,25,90,67,131,9,42,37,6,47,19,2,29,99,108,36,61,148,11,39,41,27,31,49,66,60,118,116,24,139,110,81,100,73,113,48,95,82,5,143,75,65,70,86,114
161;18493.30906184391;23,32,134,138,18,54,35,43,135,83,92,93,89,96,97,107,87,8,46,90,67,131,9,42,40,12,120,53,51,109,145,15,59,38,17,130,140,101,117,112,44,21,115,79,62,76,30,124,122,77,133,14,74,136,13,80,72,64,150,33,111,105,52,126,94,88,149,16,78,106,57,39,41,27,31,129,144,123,45,104,125,71,119,128,4,91,68,22,3,10,121,98,34,84,7,1,103,63,26,146,56,142,85,132,55,58,25,20,50,102,137,141,37,6,47,19,2,29,99,108,36,61,148,11,69,127,28,147,49,66,60,118,116,24,139,110,81,100,73,113,48,95,82,5,143,75,65,70,86,114
171;17619.644809605637;23,32,134,138,18,54,35,43,135,83,92,93,89,96,97,107,87,8,46,90,67,131,9,42,40,12,120,53,51,109,145,15,59,80,72,64,150,122,77,133,14,74,136,13,38,17,130,140,101,117,112,44,21,125,79,3,10,121,124,33,111,105,52,126,94,88,149,16,78,106,57,39,41,27,31,129,144,123,45,104,115,71,119,128,4,91,68,22,62,76,30,98,34,84,7,1,103,63,26,146,56,142,85,132,55,58,25,20,50,102,137,141,29,99,108,19,2,37,6,47,36,61,148,11,69,127,28,147,49,66,60,118,116,24,139,110,81,75,73,113,48,95,82,5,143,100,65,70,86,114
181;17141.261633714053;23,32,134,138,18,54,35,43,135,83,92,93,89,96,97,107,87,8,46,90,141,137,50,102,40,12,120,53,51,109,80,72,64,150,122,77,133,14,145,74,136,13,15,59,38,17,130,140,101,117,112,44,21,125,79,3,10,121,124,33,111,105,52,126,94,88,149,16,78,57,39,41,27,31,129,144,123,106,45,104,115,71,119,128,4,91,68,22,62,76,30,98,34,84,7,1,103,63,26,146,56,142,85,132,55,58,25,20,9,42,131,67,147,49,69,127,28,37,6,47,19,2,29,99,108,36,61,148,11,66,60,118,116,24,139,110,81,75,73,113,48,95,82,5,143,100,65,70,86,114
191;16473.662943020325;23,32,134,138,18,54,35,43,135,83,92,93,89,96,97,107,87,8,46,90,47,6,9,37,40,12,120,53,51,109,80,72,122,77,133,14,145,74,136,13,15,59,38,17,130,140,101,117,112,64,150,44,21,125,79,3,10,121,124,33,111,105,52,126,94,88,149,16,78,41,57,39,27,31,129,144,123,106,45,104,115,71,119,128,4,91,68,22,62,76,30,98,34,84,7,1,103,63,26,146,56,142,85,132,55,58,25,20,50,102,137,141,29,99,108,19,2,42,28,127,131,67,147,49,69,36,61,148,11,66,60,118,116,24,139,110,81,75,73,113,48,95,82,5,143,100,65,70,86,114
201;16118.346796250655;23,32,134,138,18,54,35,43,135,83,92,93,89,96,97,107,87,8,46,90,141,137,50,102,40,12,53,120,51,109,77,122,133,80,72,14,145,74,136,13,15,59,38,17,130,140,101,117,112,64,150,44,21,125,3,10,79,121,124,33,111,105,52,126,26,146,56,142,85,132,55,58,25,20,6,47,19,2,29,99,108,37,9,42,28,127,131,67,147,49,69,36,61,148,11,66,60,118,116,24,139,110,81,75,73,113,48,94,88,149,16,78,39,57,41,27,31,129,144,123,106,45,104,115,71,119,128,4,91,68,22,62,76,30,98,34,84,7,1,103,63,95,82,5,143,100,65,70,86,114
211;15645.586196626175;23,32,134,138,18,54,43,135,83,92,93,89,96,124,97,107,87,8,46,90,47,37,6,9,40,12,53,120,51,109,77,133,122,80,72,14,145,74,136,13,15,59,38,17,130,140,101,117,112,64,150,44,21,125,79,88,149,3,10,121,94,33,111,105,52,126,35,16,78,41,57,39,27,31,129,144,123,106,45,104,115,71,119,128,4,91,68,22,62,76,30,98,34,84,7,1,103,63,26,146,56,142,85,132,55,58,25,20,50,102,137,141,29,99,108,19,2,42,28,127,131,67,147,49,69,36,61,148,11,66,60,118,116,24,139,110,81,75,73,113,48,95,82,5,143,100,65,70,86,114
221;15050.085957488895;23,32,134,138,18,54,92,43,135,83,93,89,96,97,107,87,8,124,46,90,47,37,6,9,40,12,53,120,51,109,77,133,122,80,72,14,145,74,136,13,15,59,38,17,130,140,101,117,112,64,150,44,21,125,79,88,149,3,10,121,94,52,35,126,33,105,111,16,78,41,57,39,27,31,129,144,131,67,49,147,123,106,45,104,115,71,119,128,4,91,68,22,62,76,30,98,34,84,7,1,103,63,26,146,56,142,85,132,55,58,25,20,50,102,137,141,29,99,108,19,2,42,28,127,69,36,61,148,11,66,60,118,116,24,139,110,81,75,73,113,48,95,82,5,143,100,65,70,86,114
231;14572.613837184736;23,32,134,138,18,54,92,43,135,83,93,89,96,97,107,87,8,124,46,90,47,37,6,9,40,12,53,120,51,109,77,133,122,80,72,14,15,145,74,136,13,38,101,17,130,140,117,112,64,150,44,21,125,79,94,88,149,3,10,121,59,52,35,126,105,33,111,16,78,41,57,39,27,31,129,144,131,67,49,147,123,106,45,104,115,71,119,128,4,91,68,22,62,76,30,98,34,84,7,1,103,63,26,146,56,142,85,132,55,65,70,86,114,102,137,141,50,58,25,20,29,99,108,19,2,42,28,127,69,36,61,148,11,66,60,118,116,24,139,110,81,75,73,113,48,95,82,5,143,100
241;14218.647650420644;23,32,134,138,18,54,92,43,135,83,93,89,96,97,107,87,8,124,46,90,47,37,6,9,40,12,53,120,51,109,77,133,122,80,72,14,15,13,74,136,145,38,101,17,130,140,117,112,64,150,44,21,125,79,94,88,149,3,10,121,59,52,35,126,33,105,111,16,78,41,57,39,27,31,129,144,131,67,49,147,123,106,45,104,115,71,119,128,4,91,68,22,62,76,98,1,103,30,7,84,34,63,26,146,56,142,85,132,55,65,70,86,114,102,137,141,50,58,25,20,29,99,108,19,2,42,28,127,69,36,61,148,11,66,60,118,116,24,139,110,81,75,73,113,48,95,82,5,100,143
251;13918.374431488648;23,32,134,138,18,54,92,43,135,83,93,89,96,97,107,87,8,124,46,90,47,37,6,9,40,12,53,120,51,109,77,133,122,80,72,14,15,13,74,136,145,38,101,17,130,140,117,112,64,150,44,21,125,79,94,88,149,3,10,121,59,52,35,126,33,105,111,16,78,41,57,39,27,31,129,144,131,67,49,147,123,106,45,104,115,71,119,128,4,91,68,22,62,76,98,1,103,73,113,48,95,82,5,100,143,84,7,30,34,63,26,146,56,142,85,132,55,58,70,86,114,102,137,65,50,141,25,20,29,99,108,19,2,42,28,127,69,36,61,148,11,66,60,118,116,24,139,110,81,75
261;13622.254635994635;23,32,134,138,18,54,92,43,135,83,93,89,96,97,107,87,8,124,46,90,47,37,6,9,40,12,53,120,51,109,77,133,122,80,72,14,15,13,74,136,145,41,57,39,27,31,129,112,64,150,44,21,125,79,94,88,149,3,10,121,59,52,35,126,33,105,111,16,78,38,101,17,130,140,117,144,131,67,49,147,123,106,45,104,115,71,119,128,4,91,68,22,62,76,1,98,103,73,113,48,95,82,5,100,143,84,7,30,34,63,26,146,56,142,85,132,55,58,70,86,114,99,108,19,2,42,28,127,69,36,61,148,11,66,60,118,116,24,139,110,81,141,25,20,29,102,137,50,65,75
271;13392.264582916048;23,32,134,138,18,54,92,43,47,37,6,9,40,12,53,120,51,109,77,133,122,80,72,14,15,13,74,136,145,38,101,17,130,140,117,112,64,150,44,21,125,79,94,88,149,3,10,121,59,52,35,126,33,105,111,16,78,41,57,39,27,31,129,144,131,67,49,147,123,106,45,104,115,71,119,128,4,91,68,22,62,76,1,98,103,34,63,73,113,48,95,82,5,100,143,84,7,30,26,146,56,142,85,132,55,58,70,86,114,99,108,19,2,42,28,127,69,36,61,148,11,66,60,118,116,24,139,110,81,135,83,93,89,96,97,107,87,8,124,46,90,141,25,20,29,102,137,50,65,75
281;12960.93976342391;23,32,134,138,54,43,92,18,135,83,93,89,96,97,107,87,8,124,46,90,47,37,6,9,40,12,53,120,51,109,77,133,15,80,72,14,122,13,74,136,145,41,57,17,130,140,117,112,64,150,44,21,125,79,94,88,149,3,10,121,59,52,35,126,33,105,111,16,78,38,101,39,27,31,129,144,131,67,49,147,123,106,45,71,115,104,4,128,119,91,68,22,62,76,1,98,103,34,63,48,113,73,95,82,5,100,143,7,84,30,26,146,56,142,85,132,55,58,70,86,114,99,108,19,2,42,28,127,69,36,61,148,11,66,60,118,116,24,139,110,81,141,25,20,29,102,137,50,65,75
291;12730.774203878926;23,32,134,138,54,43,92,18,142,85,132,55,58,70,86,114,99,108,19,2,42,28,127,69,36,61,148,11,66,60,118,116,24,139,110,81,141,25,20,29,102,137,135,83,93,89,96,97,107,87,8,124,46,90,47,37,6,9,40,12,53,120,51,109,77,133,15,80,72,14,122,13,74,136,145,41,57,17,130,140,117,38,101,39,27,31,129,144,131,67,49,147,123,106,45,71,115,104,4,128,119,91,68,112,64,150,44,21,125,79,94,88,149,3,10,121,59,52,35,126,33,105,111,16,78,22,62,76,1,98,103,73,113,48,63,34,95,82,5,100,143,7,84,30,26,146,56,50,65,75
501;9505.811072614742;23,32,134,138,46,54,92,83,90,47,37,6,28,9,120,53,12,51,43,109,131,67,38,101,39,41,57,130,17,140,117,72,80,122,77,133,15,79,121,94,88,59,52,35,126,33,105,111,16,78,14,13,74,136,145,27,31,129,144,49,147,123,112,64,106,45,150,115,104,4,128,68,91,119,71,44,21,125,22,62,149,3,10,76,87,1,98,103,34,73,48,113,63,30,84,7,8,89,96,124,93,97,82,95,107,5,100,143,26,146,56,75,18,142,85,132,55,58,86,19,2,42,40,118,127,69,36,61,148,11,66,60,116,24,139,20,25,141,81,110,29,108,70,99,114,102,137,135,50,65
751;8741.061515893967;23,32,134,138,46,54,92,90,83,141,81,110,47,37,6,28,9,120,53,12,51,109,43,131,67,38,101,39,41,57,130,17,140,117,72,80,122,77,133,15,59,121,94,88,79,52,35,124,93,126,33,105,111,16,78,14,147,144,49,129,27,31,145,136,64,112,123,74,13,106,45,104,4,128,68,91,119,71,44,115,150,21,125,22,62,149,3,73,76,87,1,98,103,34,48,113,10,63,30,84,7,8,89,96,97,82,95,107,5,100,143,26,146,56,75,18,142,85,132,137,50,86,102,114,99,19,2,42,40,118,127,69,36,61,148,11,66,60,116,24,139,20,25,29,108,70,135,58,55,65
1001;8208.476316172366;51,109,43,131,67,38,23,32,134,138,46,54,92,90,83,141,81,110,47,37,6,28,9,120,53,12,118,127,69,36,61,11,148,66,60,116,24,101,39,41,57,130,17,140,117,49,147,72,80,122,77,133,16,59,121,94,88,79,52,35,124,93,126,33,105,111,15,78,14,144,129,27,31,145,64,112,136,123,74,13,106,45,4,104,128,68,91,119,71,44,115,150,21,125,22,62,149,3,73,76,87,1,98,103,34,48,113,10,63,30,84,96,89,8,7,82,95,107,5,100,143,97,26,146,56,75,18,142,85,132,137,50,135,70,108,102,114,99,19,2,42,40,139,20,25,29,86,58,55,65
1251;7825.482706868006;51,109,43,67,38,131,23,32,134,138,46,54,92,90,83,141,81,110,47,37,6,28,9,40,53,12,101,39,41,57,116,24,118,127,69,36,61,11,148,66,60,130,17,140,117,147,49,72,80,122,77,133,16,59,79,88,94,121,52,35,124,93,126,33,105,111,15,78,14,144,129,27,31,145,64,112,136,123,74,13,106,45,4,104,128,68,119,91,71,44,115,150,21,125,22,149,62,3,73,76,87,1,98,103,34,48,113,10,63,30,84,96,89,8,7,82,95,107,5,100,143,97,26,146,56,75,18,142,85,132,137,50,135,70,108,102,114,99,19,2,42,120,139,20,25,29,86,58,55,65
1501;7491.905098714056;51,109,43,67,38,23,32,131,134,138,46,54,92,90,83,141,81,110,47,37,6,28,9,40,53,12,101,41,39,57,116,24,118,127,69,36,61,11,148,130,60,66,17,140,117,147,49,122,77,133,16,59,79,88,94,121,52,35,124,93,126,33,105,111,15,78,14,80,72,144,129,27,31,145,64,112,136,123,74,13,106,45,4,104,128,68,119,91,71,44,115,150,21,125,22,149,62,3,113,10,63,48,73,76,87,1,98,103,34,30,84,96,89,8,7,82,95,107,5,100,143,97,146,56,26,75,18,142,85,65,132,137,50,135,70,108,102,114,99,19,2,42,120,139,20,25,29,86,58,55
1751;7430.18586954411;102,114,99,19,2,42,120,139,20,25,51,109,43,67,38,23,32,131,134,138,46,54,92,90,83,141,81,110,47,37,6,9,28,40,53,12,101,39,57,41,116,24,118,127,69,36,61,11,148,130,60,66,17,140,117,49,147,122,77,133,16,59,79,88,94,121,52,35,124,93,126,33,105,111,15,78,14,80,72,144,129,27,31,145,64,112,136,123,74,13,106,45,4,104,128,68,119,91,71,44,115,150,21,125,22,149,62,3,113,10,63,48,73,76,87,1,98,103,34,30,84,96,89,8,7,82,95,107,5,100,143,97,146,56,26,75,18,142,85,65,132,137,50,135,70,108,29,86,58,55
2001;7428.017543109689;102,114,99,19,2,42,120,139,20,25,51,109,43,67,38,23,32,131,134,138,46,54,92,90,83,141,81,110,47,37,6,9,28,40,53,12,101,39,57,41,116,24,118,127,69,36,61,11,148,130,60,66,17,140,117,49,147,122,77,133,16,59,79,88,94,121,52,35,124,93,126,33,105,111,15,78,14,80,72,144,129,27,31,145,64,112,136,123,74,13,106,45,4,104,128,68,119,91,71,44,115,150,21,125,22,149,62,3,113,10,63,48,73,76,87,1,98,103,34,84,30,96,89,8,7,82,95,107,5,100,143,97,146,56,26,75,18,142,85,65,132,137,50,135,70,108,29,86,58,55
2251;7310.943031602474;51,109,43,67,38,23,32,131,134,138,46,54,92,90,83,141,25,20,81,29,86,58,55,110,47,37,6,9,28,40,53,118,24,12,101,41,57,39,116,127,69,36,61,11,148,130,17,66,60,140,117,27,129,147,49,122,77,133,16,59,79,88,94,121,52,35,124,93,126,33,105,111,15,78,80,14,72,144,31,145,64,112,136,123,74,13,106,91,68,119,128,4,104,45,71,44,115,150,21,125,22,149,62,3,113,10,63,48,73,76,87,1,98,103,34,30,84,96,89,8,7,82,95,107,5,100,143,97,146,56,26,75,18,142,85,65,132,137,50,135,70,108,102,114,99,19,2,42,120,139
2501;7150.2187040845865;51,109,43,67,38,23,32,131,134,138,46,54,92,90,83,141,25,20,47,37,6,9,28,40,53,118,24,12,116,39,57,41,101,127,69,36,61,11,148,130,17,66,60,140,117,27,31,129,144,147,49,122,77,133,16,59,79,88,94,121,52,35,124,93,126,33,105,111,15,78,80,14,72,145,64,112,136,123,74,13,106,91,68,119,128,104,4,45,71,44,115,150,21,125,22,149,62,3,113,10,63,48,73,76,87,1,98,103,34,30,8,89,96,84,7,82,95,107,5,100,143,97,146,56,26,75,18,142,85,65,132,137,50,135,70,108,102,114,99,19,2,42,120,139,110,81,29,86,58,55
2751;7083.4795734420595;51,109,43,67,38,23,32,131,134,138,46,54,92,90,83,141,25,20,47,37,6,9,28,139,40,53,118,24,12,116,39,57,41,101,127,69,36,61,11,148,130,17,66,60,140,117,27,31,129,144,147,49,122,77,133,16,59,79,88,94,121,52,35,93,126,33,105,111,15,78,80,14,72,145,64,112,136,123,74,13,106,91,68,119,128,104,4,45,71,44,115,150,21,125,22,149,62,3,113,10,63,48,73,76,87,1,98,103,34,30,96,89,8,84,7,82,95,107,5,100,143,97,124,146,56,26,75,18,142,85,65,132,137,50,135,70,108,102,114,99,19,2,42,120,110,81,29,86,58,55
3001;7055.868929458094;51,109,43,67,38,23,32,131,134,138,46,54,92,90,83,141,25,20,47,37,6,9,28,139,40,53,118,24,12,116,39,57,41,101,127,69,36,61,11,148,130,17,66,60,140,117,27,31,129,144,147,49,122,77,133,16,59,79,88,94,121,52,35,93,126,33,105,111,15,78,80,14,72,145,64,112,136,123,74,13,106,91,119,68,128,104,4,45,71,44,115,150,21,125,22,149,62,3,113,10,63,48,73,76,87,1,98,103,34,30,96,89,8,84,7,82,95,107,5,100,143,97,124,146,56,26,75,18,142,85,65,132,137,50,135,70,108,102,114,99,19,2,42,120,110,81,29,86,58,55
3251;6970.564348853048;51,109,43,67,38,23,32,131,134,138,46,54,92,90,83,141,25,20,47,37,6,9,28,42,120,139,40,53,118,24,12,116,39,57,41,101,127,69,36,61,11,148,130,17,66,60,140,117,27,31,129,144,147,49,122,77,133,16,59,79,88,94,121,52,35,93,126,33,105,111,15,78,80,14,72,145,64,112,136,123,74,13,106,91,119,68,128,104,4,45,71,44,115,150,21,125,22,149,62,3,113,10,63,48,73,76,87,1,98,103,34,30,96,89,8,84,7,82,95,107,5,100,143,97,124,146,56,26,75,18,142,85,65,132,137,50,135,70,108,102,114,99,19,2,110,81,29,86,58,55
3501;6970.564348853048;51,109,43,67,38,23,32,131,134,138,46,54,92,90,83,141,25,20,47,37,6,9,28,42,120,139,40,53,118,24,12,116,39,57,41,101,127,69,36,61,11,148,130,17,66,60,140,117,27,31,129,144,147,49,122,77,133,16,59,79,88,94,121,52,35,93,126,33,105,111,15,78,80,14,72,145,64,112,136,123,74,13,106,91,119,68,128,104,4,45,71,44,115,150,21,125,22,149,62,3,113,10,63,48,73,76,87,1,98,103,34,30,96,89,8,84,7,82,95,107,5,100,143,97,124,146,56,26,75,18,142,85,65,132,137,50,135,70,108,102,114,99,19,2,110,81,29,86,58,55
3751;6970.564348853048;51,109,43,67,38,23,32,131,134,138,46,54,92,90,83,141,25,20,47,37,6,9,28,42,120,139,40,53,118,24,12,116,39,57,41,101,127,69,36,61,11,148,130,17,66,60,140,117,27,31,129,144,147,49,122,77,133,16,59,79,88,94,121,52,35,93,126,33,105,111,15,78,80,14,72,145,64,112,136,123,74,13,106,91,119,68,128,104,4,45,71,44,115,150,21,125,22,149,62,3,113,10,63,48,73,76,87,1,98,103,34,30,96,89,8,84,7,82,95,107,5,100,143,97,124,146,56,26,75,18,142,85,65,132,137,50,135,70,108,102,114,99,19,2,110,81,29,86,58,55
4001;6970.564348853048;51,109,43,67,38,23,32,131,134,138,46,54,92,90,83,141,25,20,47,37,6,9,28,42,120,139,40,53,118,24,12,116,39,57,41,101,127,69,36,61,11,148,130,17,66,60,140,117,27,31,129,144,147,49,122,77,133,16,59,79,88,94,121,52,35,93,126,33,105,111,15,78,80,14,72,145,64,112,136,123,74,13,106,91,119,68,128,104,4,45,71,44,115,150,21,125,22,149,62,3,113,10,63,48,73,76,87,1,98,103,34,30,96,89,8,84,7,82,95,107,5,100,143,97,124,146,56,26,75,18,142,85,65,132,137,50,135,70,108,102,114,99,19,2,110,81,29,86,58,55
4251;6952.963684436104;51,109,43,67,38,23,32,131,134,138,46,54,92,90,83,141,25,20,47,139,40,53,118,24,12,116,39,57,41,101,127,69,36,61,11,148,130,17,66,60,140,117,27,31,129,144,147,49,122,77,133,16,59,79,88,94,121,52,35,93,126,33,105,111,15,78,80,14,72,145,64,112,136,123,74,13,106,91,119,68,128,104,4,45,71,44,115,150,21,125,22,149,62,3,113,10,63,48,73,76,87,1,98,103,34,30,96,89,8,84,7,82,95,107,5,100,143,97,124,146,56,26,75,18,142,85,65,132,137,50,135,70,108,102,114,99,19,2,37,9,6,28,42,120,110,81,29,86,58,55
4501;6952.183534391164;51,109,43,67,38,23,32,131,134,138,54,92,46,90,83,141,25,20,47,37,6,28,9,42,120,139,40,53,118,24,12,116,39,57,41,101,127,69,36,61,11,148,130,17,66,60,140,117,27,31,129,144,147,49,122,77,133,16,59,79,88,94,121,52,35,93,126,33,105,111,15,78,80,14,72,145,64,112,136,123,74,13,106,91,119,68,128,104,4,45,71,44,115,150,21,125,22,149,62,3,113,10,63,48,73,76,87,1,98,103,34,30,96,89,8,84,7,82,95,107,5,100,143,97,124,146,56,26,75,18,142,85,65,132,137,50,135,70,108,102,114,99,19,2,110,81,29,86,58,55
4751;6946.188235097463;51,109,43,67,38,23,32,131,134,138,54,92,46,90,83,141,25,20,110,81,47,37,6,28,9,42,120,139,40,53,118,24,12,116,39,57,41,101,127,69,36,61,11,148,130,17,66,60,140,117,27,31,129,144,147,49,122,77,133,16,59,79,88,94,121,52,35,93,126,33,105,111,15,78,80,14,72,145,64,112,136,123,74,13,106,91,119,68,128,104,4,45,71,44,115,150,21,125,22,149,62,3,113,10,63,48,73,76,87,1,98,103,34,30,96,89,8,84,7,82,95,107,5,100,143,97,124,146,56,26,75,18,142,85,65,132,137,50,135,70,108,102,114,99,19,2,29,86,58,55
5001;6933.798695844036;51,109,43,67,38,23,32,131,134,138,54,92,46,90,83,141,25,20,81,110,47,37,6,28,9,42,120,139,40,53,118,24,12,116,39,57,41,101,127,69,36,61,11,148,130,17,66,60,140,117,27,31,129,144,147,49,122,77,133,16,59,79,88,94,121,52,35,93,126,33,105,111,15,78,80,14,72,145,64,112,136,123,74,13,106,91,119,68,128,104,4,45,71,44,115,150,21,125,22,149,62,3,113,10,63,48,73,76,87,1,98,103,34,30,96,89,8,84,7,82,95,107,5,100,143,97,124,146,56,26,75,18,142,85,65,132,137,50,135,70,108,102,114,99,19,2,29,86,58,55
5251;6927.084704668494;51,109,43,67,38,23,32,131,134,138,54,92,46,90,83,141,25,20,81,110,47,37,6,28,9,42,120,139,40,53,118,24,12,116,39,57,41,101,127,69,36,61,11,148,130,17,66,60,140,117,27,31,129,144,147,49,122,77,133,59,79,88,94,121,52,35,93,126,33,105,111,16,15,78,80,14,72,145,64,112,136,123,74,13,106,91,119,68,128,104,4,45,71,44,115,150,21,125,22,149,62,3,113,10,63,48,73,76,87,1,98,103,34,30,96,89,8,84,7,82,95,107,5,100,143,97,124,146,56,26,75,18,142,85,65,132,137,50,135,70,108,102,114,99,19,2,29,86,58,55
5501;6873.846107809199;51,109,43,67,38,23,32,131,134,138,54,92,46,90,83,141,25,20,47,37,6,28,9,42,120,139,40,53,118,24,12,116,101,41,57,39,127,69,36,61,11,148,130,17,66,60,140,117,27,31,129,144,147,49,122,77,133,59,79,88,94,121,52,35,93,126,33,105,111,16,15,78,80,14,72,145,64,112,136,123,74,13,106,91,119,68,128,104,4,45,71,44,115,150,21,125,22,149,62,3,113,10,63,48,73,76,87,1,98,103,34,30,96,89,8,84,7,82,95,107,5,100,143,97,124,146,56,26,75,18,142,85,65,132,137,50,135,70,108,102,114,99,19,2,110,81,29,86,58,55
5751;6873.846107809199;51,109,43,67,38,23,32,131,134,138,54,92,46,90,83,141,25,20,47,37,6,28,9,42,120,139,40,53,118,24,12,116,101,41,57,39,127,69,36,61,11,148,130,17,66,60,140,117,27,31,129,144,147,49,122,77,133,59,79,88,94,121,52,35,93,126,33,105,111,16,15,78,80,14,72,145,64,112,136,123,74,13,106,91,119,68,128,104,4,45,71,44,115,150,21,125,22,149,62,3,113,10,63,48,73,76,87,1,98,103,34,30,96,89,8,84,7,82,95,107,5,100,143,97,124,146,56,26,75,18,142,85,65,132,137,50,135,70,108,102,114,99,19,2,110,81,29,86,58,55
6001;6863.777548457688;51,109,43,67,38,23,32,131,134,138,54,92,46,90,83,141,25,20,47,120,139,40,53,118,24,12,116,101,41,57,39,127,69,36,61,11,148,130,17,66,60,140,117,27,31,129,144,49,147,122,77,133,59,79,88,94,121,52,35,93,126,33,105,111,16,15,78,80,14,72,145,64,112,136,123,74,13,106,91,119,68,128,4,104,45,71,44,115,150,21,125,22,149,62,3,113,10,63,48,73,76,87,1,98,103,34,30,96,89,8,84,7,82,95,107,5,100,143,97,124,146,56,26,75,18,142,85,65,132,137,50,135,70,108,102,114,99,19,2,37,6,28,9,42,110,81,29,86,58,55
6251;6863.777548457688;51,109,43,67,38,23,32,131,134,138,54,92,46,90,83,141,25,20,47,120,139,40,53,118,24,12,116,101,41,57,39,127,69,36,61,11,148,130,17,66,60,140,117,27,31,129,144,49,147,122,77,133,59,79,88,94,121,52,35,93,126,33,105,111,16,15,78,80,14,72,145,64,112,136,123,74,13,106,91,119,68,128,4,104,45,71,44,115,150,21,125,22,149,62,3,113,10,63,48,73,76,87,1,98,103,34,30,96,89,8,84,7,82,95,107,5,100,143,97,124,146,56,26,75,18,142,85,65,132,137,50,135,70,108,102,114,99,19,2,37,6,28,9,42,110,81,29,86,58,55
6501;6853.473541876608;51,109,43,67,38,23,32,131,134,138,54,92,46,90,83,141,25,20,47,120,139,40,53,118,24,12,116,101,41,57,39,127,69,36,61,11,148,130,17,66,60,140,117,27,31,129,144,49,147,122,77,133,59,79,88,94,121,52,35,93,126,33,105,111,16,15,78,80,14,72,145,64,112,136,123,74,13,106,91,119,68,128,104,4,45,71,44,115,150,21,125,22,149,62,3,113,10,63,48,73,76,87,1,98,103,34,30,96,89,8,84,7,82,95,107,5,100,143,97,124,146,56,26,75,18,142,85,65,132,137,50,135,70,108,102,114,99,19,2,37,6,28,9,42,110,81,29,86,58,55
6751;6853.473541876608;51,109,43,67,38,23,32,131,134,138,54,92,46,90,83,141,25,20,47,120,139,40,53,118,24,12,116,101,41,57,39,127,69,36,61,11,148,130,17,66,60,140,117,27,31,129,144,49,147,122,77,133,59,79,88,94,121,52,35,93,126,33,105,111,16,15,78,80,14,72,145,64,112,136,123,74,13,106,91,119,68,128,104,4,45,71,44,115,150,21,125,22,149,62,3,113,10,63,48,73,76,87,1,98,103,34,30,96,89,8,84,7,82,95,107,5,100,143,97,124,146,56,26,75,18,142,85,65,132,137,50,135,70,108,102,114,99,19,2,37,6,28,9,42,110,81,29,86,58,55
7001;6853.473541876608;51,109,43,67,38,23,32,131,134,138,54,92,46,90,83,141,25,20,47,120,139,40,53,118,24,12,116,101,41,57,39,127,69,36,61,11,148,130,17,66,60,140,117,27,31,129,144,49,147,122,77,133,59,79,88,94,121,52,35,93,126,33,105,111,16,15,78,80,14,72,145,64,112,136,123,74,13,106,91,119,68,128,104,4,45,71,44,115,150,21,125,22,149,62,3,113,10,63,48,73,76,87,1,98,103,34,30,96,89,8,84,7,82,95,107,5,100,143,97,124,146,56,26,75,18,142,85,65,132,137,50,135,70,108,102,114,99,19,2,37,6,28,9,42,110,81,29,86,58,55
7251;6853.473541876608;51,109,43,67,38,23,32,131,134,138,54,92,46,90,83,141,25,20,47,120,139,40,53,118,24,12,116,101,41,57,39,127,69,36,61,11,148,130,17,66,60,140,117,27,31,129,144,49,147,122,77,133,59,79,88,94,121,52,35,93,126,33,105,111,16,15,78,80,14,72,145,64,112,136,123,74,13,106,91,119,68,128,104,4,45,71,44,115,150,21,125,22,149,62,3,113,10,63,48,73,76,87,1,98,103,34,30,96,89,8,84,7,82,95,107,5,100,143,97,124,146,56,26,75,18,142,85,65,132,137,50,135,70,108,102,114,99,19,2,37,6,28,9,42,110,81,29,86,58,55
7501;6853.473541876608;51,109,43,67,38,23,32,131,134,138,54,92,46,90,83,141,25,20,47,120,139,40,53,118,24,12,116,101,41,57,39,127,69,36,61,11,148,130,17,66,60,140,117,27,31,129,144,49,147,122,77,133,59,79,88,94,121,52,35,93,126,33,105,111,16,15,78,80,14,72,145,64,112,136,123,74,13,106,91,119,68,128,104,4,45,71,44,115,150,21,125,22,149,62,3,113,10,63,48,73,76,87,1,98,103,34,30,96,89,8,84,7,82,95,107,5,100,143,97,124,146,56,26,75,18,142,85,65,132,137,50,135,70,108,102,114,99,19,2,37,6,28,9,42,110,81,29,86,58,55
7751;6853.473541876608;51,109,43,67,38,23,32,131,134,138,54,92,46,90,83,141,25,20,47,120,139,40,53,118,24,12,116,101,41,57,39,127,69,36,61,11,148,130,17,66,60,140,117,27,31,129,144,49,147,122,77,133,59,79,88,94,121,52,35,93,126,33,105,111,16,15,78,80,14,72,145,64,112,136,123,74,13,106,91,119,68,128,104,4,45,71,44,115,150,21,125,22,149,62,3,113,10,63,48,73,76,87,1,98,103,34,30,96,89,8,84,7,82,95,107,5,100,143,97,124,146,56,26,75,18,142,85,65,132,137,50,135,70,108,102,114,99,19,2,37,6,28,9,42,110,81,29,86,58,55
8001;6853.473541876608;51,109,43,67,38,23,32,131,134,138,54,92,46,90,83,141,25,20,47,120,139,40,53,118,24,12,116,101,41,57,39,127,69,36,61,11,148,130,17,66,60,140,117,27,31,129,144,49,147,122,77,133,59,79,88,94,121,52,35,93,126,33,105,111,16,15,78,80,14,72,145,64,112,136,123,74,13,106,91,119,68,128,104,4,45,71,44,115,150,21,125,22,149,62,3,113,10,63,48,73,76,87,1,98,103,34,30,96,89,8,84,7,82,95,107,5,100,143,97,124,146,56,26,75,18,142,85,65,132,137,50,135,70,108,102,114,99,19,2,37,6,28,9,42,110,81,29,86,58,55
8251;6853.473541876608;51,109,43,67,38,23,32,131,134,138,54,92,46,90,83,141,25,20,47,120,139,40,53,118,24,12,116,101,41,57,39,127,69,36,61,11,148,130,17,66,60,140,117,27,31,129,144,49,147,122,77,133,59,79,88,94,121,52,35,93,126,33,105,111,16,15,78,80,14,72,145,64,112,136,123,74,13,106,91,119,68,128,104,4,45,71,44,115,150,21,125,22,149,62,3,113,10,63,48,73,76,87,1,98,103,34,30,96,89,8,84,7,82,95,107,5,100,143,97,124,146,56,26,75,18,142,85,65,132,137,50,135,70,108,102,114,99,19,2,37,6,28,9,42,110,81,29,86,58,55
8501;6851.06052967226;51,109,43,67,38,23,32,131,134,138,54,92,46,90,83,141,25,20,47,120,139,40,53,118,24,12,116,101,41,57,39,127,69,36,61,11,148,130,17,66,60,140,117,27,31,129,144,147,49,122,77,133,59,79,88,94,121,52,35,93,126,33,105,111,16,15,78,80,14,72,145,64,112,136,123,74,13,106,91,119,68,128,104,4,45,71,44,115,150,21,125,22,149,62,3,113,10,63,48,73,76,87,1,98,103,34,30,96,89,8,84,7,82,95,107,5,100,143,97,124,146,56,26,75,18,142,85,65,132,137,50,135,70,108,102,114,99,19,2,37,6,28,9,42,110,81,29,86,58,55
8751;6851.06052967226;51,109,43,67,38,23,32,131,134,138,54,92,46,90,83,141,25,20,47,120,139,40,53,118,24,12,116,101,41,57,39,127,69,36,61,11,148,130,17,66,60,140,117,27,31,129,144,147,49,122,77,133,59,79,88,94,121,52,35,93,126,33,105,111,16,15,78,80,14,72,145,64,112,136,123,74,13,106,91,119,68,128,104,4,45,71,44,115,150,21,125,22,149,62,3,113,10,63,48,73,76,87,1,98,103,34,30,96,89,8,84,7,82,95,107,5,100,143,97,124,146,56,26,75,18,142,85,65,132,137,50,135,70,108,102,114,99,19,2,37,6,28,9,42,110,81,29,86,58,55
9001;6851.06052967226;51,109,43,67,38,23,32,131,134,138,54,92,46,90,83,141,25,20,47,120,139,40,53,118,24,12,116,101,41,57,39,127,69,36,61,11,148,130,17,66,60,140,117,27,31,129,144,147,49,122,77,133,59,79,88,94,121,52,35,93,126,33,105,111,16,15,78,80,14,72,145,64,112,136,123,74,13,106,91,119,68,128,104,4,45,71,44,115,150,21,125,22,149,62,3,113,10,63,48,73,76,87,1,98,103,34,30,96,89,8,84,7,82,95,107,5,100,143,97,124,146,56,26,75,18,142,85,65,132,137,50,135,70,108,102,114,99,19,2,37,6,28,9,42,110,81,29,86,58,55
9251;6851.06052967226;51,109,43,67,38,23,32,131,134,138,54,92,46,90,83,141,25,20,47,120,139,40,53,118,24,12,116,101,41,57,39,127,69,36,61,11,148,130,17,66,60,140,117,27,31,129,144,147,49,122,77,133,59,79,88,94,121,52,35,93,126,33,105,111,16,15,78,80,14,72,145,64,112,136,123,74,13,106,91,119,68,128,104,4,45,71,44,115,150,21,125,22,149,62,3,113,10,63,48,73,76,87,1,98,103,34,30,96,89,8,84,7,82,95,107,5,100,143,97,124,146,56,26,75,18,142,85,65,132,137,50,135,70,108,102,114,99,19,2,37,6,28,9,42,110,81,29,86,58,55
9501;6851.06052967226;51,109,43,67,38,23,32,131,134,138,54,92,46,90,83,141,25,20,47,120,139,40,53,118,24,12,116,101,41,57,39,127,69,36,61,11,148,130,17,66,60,140,117,27,31,129,144,147,49,122,77,133,59,79,88,94,121,52,35,93,126,33,105,111,16,15,78,80,14,72,145,64,112,136,123,74,13,106,91,119,68,128,104,4,45,71,44,115,150,21,125,22,149,62,3,113,10,63,48,73,76,87,1,98,103,34,30,96,89,8,84,7,82,95,107,5,100,143,97,124,146,56,26,75,18,142,85,65,132,137,50,135,70,108,102,114,99,19,2,37,6,28,9,42,110,81,29,86,58,55
9751;6851.06052967226;51,109,43,67,38,23,32,131,134,138,54,92,46,90,83,141,25,20,47,120,139,40,53,118,24,12,116,101,41,57,39,127,69,36,61,11,148,130,17,66,60,140,117,27,31,129,144,147,49,122,77,133,59,79,88,94,121,52,35,93,126,33,105,111,16,15,78,80,14,72,145,64,112,136,123,74,13,106,91,119,68,128,104,4,45,71,44,115,150,21,125,22,149,62,3,113,10,63,48,73,76,87,1,98,103,34,30,96,89,8,84,7,82,95,107,5,100,143,97,124,146,56,26,75,18,142,85,65,132,137,50,135,70,108,102,114,99,19,2,37,6,28,9,42,110,81,29,86,58,55
10001;6851.06052967226;51,109,43,67,38,23,32,131,134,138,54,92,46,90,83,141,25,20,47,120,139,40,53,118,24,12,116,101,41,57,39,127,69,36,61,11,148,130,17,66,60,140,117,27,31,129,144,147,49,122,77,133,59,79,88,94,121,52,35,93,126,33,105,111,16,15,78,80,14,72,145,64,112,136,123,74,13,106,91,119,68,128,104,4,45,71,44,115,150,21,125,22,149,62,3,113,10,63,48,73,76,87,1,98,103,34,30,96,89,8,84,7,82,95,107,5,100,143,97,124,146,56,26,75,18,142,85,65,132,137,50,135,70,108,102,114,99,19,2,37,6,28,9,42,110,81,29,86,58,55
10251;6851.06052967226;51,109,43,67,38,23,32,131,134,138,54,92,46,90,83,141,25,20,47,120,139,40,53,118,24,12,116,101,41,57,39,127,69,36,61,11,148,130,17,66,60,140,117,27,31,129,144,147,49,122,77,133,59,79,88,94,121,52,35,93,126,33,105,111,16,15,78,80,14,72,145,64,112,136,123,74,13,106,91,119,68,128,104,4,45,71,44,115,150,21,125,22,149,62,3,113,10,63,48,73,76,87,1,98,103,34,30,96,89,8,84,7,82,95,107,5,100,143,97,124,146,56,26,75,18,142,85,65,132,137,50,135,70,108,102,114,99,19,2,37,6,28,9,42,110,81,29,86,58,55
10501;6846.3414531808585;51,109,43,67,38,23,32,131,134,138,54,92,46,90,83,141,25,20,47,120,139,40,53,118,24,12,116,101,41,57,39,127,69,36,61,11,148,130,17,66,60,140,117,27,31,129,144,147,49,122,77,133,59,79,88,94,121,52,35,93,126,33,105,111,16,15,78,80,14,72,145,64,112,136,123,74,13,106,91,119,68,128,104,4,45,71,44,115,150,21,125,22,149,62,3,113,10,63,48,73,76,87,1,98,34,30,96,89,8,84,7,103,82,95,107,5,100,143,97,124,146,56,26,75,18,142,85,65,132,137,50,135,70,108,102,114,99,19,2,37,6,28,9,42,110,81,29,86,58,55
10751;6846.3414531808585;51,109,43,67,38,23,32,131,134,138,54,92,46,90,83,141,25,20,47,120,139,40,53,118,24,12,116,101,41,57,39,127,69,36,61,11,148,130,17,66,60,140,117,27,31,129,144,147,49,122,77,133,59,79,88,94,121,52,35,93,126,33,105,111,16,15,78,80,14,72,145,64,112,136,123,74,13,106,91,119,68,128,104,4,45,71,44,115,150,21,125,22,149,62,3,113,10,63,48,73,76,87,1,98,34,30,96,89,8,84,7,103,82,95,107,5,100,143,97,124,146,56,26,75,18,142,85,65,132,137,50,135,70,108,102,114,99,19,2,37,6,28,9,42,110,81,29,86,58,55
11001;6846.3414531808585;51,109,43,67,38,23,32,131,134,138,54,92,46,90,83,141,25,20,47,120,139,40,53,118,24,12,116,101,41,57,39,127,69,36,61,11,148,130,17,66,60,140,117,27,31,129,144,147,49,122,77,133,59,79,88,94,121,52,35,93,126,33,105,111,16,15,78,80,14,72,145,64,112,136,123,74,13,106,91,119,68,128,104,4,45,71,44,115,150,21,125,22,149,62,3,113,10,63,48,73,76,87,1,98,34,30,96,89,8,84,7,103,82,95,107,5,100,143,97,124,146,56,26,75,18,142,85,65,132,137,50,135,70,108,102,114,99,19,2,37,6,28,9,42,110,81,29,86,58,55
11251;6846.3414531808585;51,109,43,67,38,23,32,131,134,138,54,92,46,90,83,141,25,20,47,120,139,40,53,118,24,12,116,101,41,57,39,127,69,36,61,11,148,130,17,66,60,140,117,27,31,129,144,147,49,122,77,133,59,79,88,94,121,52,35,93,126,33,105,111,16,15,78,80,14,72,145,64,112,136,123,74,13,106,91,119,68,128,104,4,45,71,44,115,150,21,125,22,149,62,3,113,10,63,48,73,76,87,1,98,34,30,96,89,8,84,7,103,82,95,107,5,100,143,97,124,146,56,26,75,18,142,85,65,132,137,50,135,70,108,102,114,99,19,2,37,6,28,9,42,110,81,29,86,58,55
11501;6846.3414531808585;51,109,43,67,38,23,32,131,134,138,54,92,46,90,83,141,25,20,47,120,139,40,53,118,24,12,116,101,41,57,39,127,69,36,61,11,148,130,17,66,60,140,117,27,31,129,144,147,49,122,77,133,59,79,88,94,121,52,35,93,126,33,105,111,16,15,78,80,14,72,145,64,112,136,123,74,13,106,91,119,68,128,104,4,45,71,44,115,150,21,125,22,149,62,3,113,10,63,48,73,76,87,1,98,34,30,96,89,8,84,7,103,82,95,107,5,100,143,97,124,146,56,26,75,18,142,85,65,132,137,50,135,70,108,102,114,99,19,2,37,6,28,9,42,110,81,29,86,58,55
11751;6846.3414531808585;51,109,43,67,38,23,32,131,134,138,54,92,46,90,83,141,25,20,47,120,139,40,53,118,24,12,116,101,41,57,39,127,69,36,61,11,148,130,17,66,60,140,117,27,31,129,144,147,49,122,77,133,59,79,88,94,121,52,35,93,126,33,105,111,16,15,78,80,14,72,145,64,112,136,123,74,13,106,91,119,68,128,104,4,45,71,44,115,150,21,125,22,149,62,3,113,10,63,48,73,76,87,1,98,34,30,96,89,8,84,7,103,82,95,107,5,100,143,97,124,146,56,26,75,18,142,85,65,132,137,50,135,70,108,102,114,99,19,2,37,6,28,9,42,110,81,29,86,58,55
12001;6846.3414531808585;51,109,43,67,38,23,32,131,134,138,54,92,46,90,83,141,25,20,47,120,139,40,53,118,24,12,116,101,41,57,39,127,69,36,61,11,148,130,17,66,60,140,117,27,31,129,144,147,49,122,77,133,59,79,88,94,121,52,35,93,126,33,105,111,16,15,78,80,14,72,145,64,112,136,123,74,13,106,91,119,68,128,104,4,45,71,44,115,150,21,125,22,149,62,3,113,10,63,48,73,76,87,1,98,34,30,96,89,8,84,7,103,82,95,107,5,100,143,97,124,146,56,26,75,18,142,85,65,132,137,50,135,70,108,102,114,99,19,2,37,6,28,9,42,110,81,29,86,58,55
12251;6846.3414531808585;51,109,43,67,38,23,32,131,134,138,54,92,46,90,83,141,25,20,47,120,139,40,53,118,24,12,116,101,41,57,39,127,69,36,61,11,148,130,17,66,60,140,117,27,31,129,144,147,49,122,77,133,59,79,88,94,121,52,35,93,126,33,105,111,16,15,78,80,14,72,145,64,112,136,123,74,13,106,91,119,68,128,104,4,45,71,44,115,150,21,125,22,149,62,3,113,10,63,48,73,76,87,1,98,34,30,96,89,8,84,7,103,82,95,107,5,100,143,97,124,146,56,26,75,18,142,85,65,132,137,50,135,70,108,102,114,99,19,2,37,6,28,9,42,110,81,29,86,58,55
12501;6846.3414531808585;51,109,43,67,38,23,32,131,134,138,54,92,46,90,83,141,25,20,47,120,139,40,53,118,24,12,116,101,41,57,39,127,69,36,61,11,148,130,17,66,60,140,117,27,31,129,144,147,49,122,77,133,59,79,88,94,121,52,35,93,126,33,105,111,16,15,78,80,14,72,145,64,112,136,123,74,13,106,91,119,68,128,104,4,45,71,44,115,150,21,125,22,149,62,3,113,10,63,48,73,76,87,1,98,34,30,96,89,8,84,7,103,82,95,107,5,100,143,97,124,146,56,26,75,18,142,85,65,132,137,50,135,70,108,102,114,99,19,2,37,6,28,9,42,110,81,29,86,58,55
12751;6846.3414531808585;51,109,43,67,38,23,32,131,134,138,54,92,46,90,83,141,25,20,47,120,139,40,53,118,24,12,116,101,41,57,39,127,69,36,61,11,148,130,17,66,60,140,117,27,31,129,144,147,49,122,77,133,59,79,88,94,121,52,35,93,126,33,105,111,16,15,78,80,14,72,145,64,112,136,123,74,13,106,91,119,68,128,104,4,45,71,44,115,150,21,125,22,149,62,3,113,10,63,48,73,76,87,1,98,34,30,96,89,8,84,7,103,82,95,107,5,100,143,97,124,146,56,26,75,18,142,85,65,132,137,50,135,70,108,102,114,99,19,2,37,6,28,9,42,110,81,29,86,58,55
13001;6846.3414531808585;51,109,43,67,38,23,32,131,134,138,54,92,46,90,83,141,25,20,47,120,139,40,53,118,24,12,116,101,41,57,39,127,69,36,61,11,148,130,17,66,60,140,117,27,31,129,144,147,49,122,77,133,59,79,88,94,121,52,35,93,126,33,105,111,16,15,78,80,14,72,145,64,112,136,123,74,13,106,91,119,68,128,104,4,45,71,44,115,150,21,125,22,149,62,3,113,10,63,48,73,76,87,1,98,34,30,96,89,8,84,7,103,82,95,107,5,100,143,97,124,146,56,26,75,18,142,85,65,132,137,50,135,70,108,102,114,99,19,2,37,6,28,9,42,110,81,29,86,58,55
13251;6846.3414531808585;51,109,43,67,38,23,32,131,134,138,54,92,46,90,83,141,25,20,47,120,139,40,53,118,24,12,116,101,41,57,39,127,69,36,61,11,148,130,17,66,60,140,117,27,31,129,144,147,49,122,77,133,59,79,88,94,121,52,35,93,126,33,105,111,16,15,78,80,14,72,145,64,112,136,123,74,13,106,91,119,68,128,104,4,45,71,44,115,150,21,125,22,149,62,3,113,10,63,48,73,76,87,1,98,34,30,96,89,8,84,7,103,82,95,107,5,100,143,97,124,146,56,26,75,18,142,85,65,132,137,50,135,70,108,102,114,99,19,2,37,6,28,9,42,110,81,29,86,58,55
